{
  "content": [
    {
      "path": "ContentInfo/blt950-airport-enbg-gronneviksoren/Thumbnail.jpg",
      "size": 85458,
      "date": 133042728773971829
    },
    {
      "path": "MaterialLibs/materials/Library.xml",
      "size": 2212,
      "date": 133043586040186878
    },
    {
      "path": "MaterialLibs/materials/Textures/HELIPAD_ARROW.PNG.DDS",
      "size": 349700,
      "date": 133043586041276912
    },
    {
      "path": "MaterialLibs/materials/Textures/helipad_arrow.png.DDS.FLAGS",
      "size": 39,
      "date": 133042728774231832
    },
    {
      "path": "MaterialLibs/materials/Textures/HELIPAD_ARROW.PNG.DDS.json",
      "size": 249,
      "date": 133043586041271913
    },
    {
      "path": "MaterialLibs/materials/Textures/NO_MEDIPAD.PNG.DDS",
      "size": 349700,
      "date": 133043586042278744
    },
    {
      "path": "MaterialLibs/materials/Textures/no_medipad.png.DDS.FLAGS",
      "size": 39,
      "date": 133042788899579788
    },
    {
      "path": "MaterialLibs/materials/Textures/NO_MEDIPAD.PNG.DDS.json",
      "size": 248,
      "date": 133043586042273756
    },
    {
      "path": "scenery/blt950/ENBG.bgl",
      "size": 8139,
      "date": 133043586042505394
    }
  ]
}