{
  "content": [
    {
      "path": "ContentInfo/blt950-airport-ensa-sandviken-helipad/Thumbnail.jpg",
      "size": 87086,
      "date": 133042728774016887
    },
    {
      "path": "MaterialLibs/ensa-materials/Library.xml",
      "size": 1142,
      "date": 133042767795455113
    },
    {
      "path": "MaterialLibs/ensa-materials/Textures/WHITE_CIRCLE_HELIPAD.PNG.DDS",
      "size": 349700,
      "date": 133042767796575558
    },
    {
      "path": "MaterialLibs/ensa-materials/Textures/white_circle_helipad.png.DDS.FLAGS",
      "size": 39,
      "date": 133042767491506187
    },
    {
      "path": "MaterialLibs/ensa-materials/Textures/WHITE_CIRCLE_HELIPAD.PNG.DDS.json",
      "size": 198,
      "date": 133042767796515107
    },
    {
      "path": "scenery/blt950/ENSA.bgl",
      "size": 3396,
      "date": 133042767796745624
    }
  ]
}