{
  "content": [
    {
      "path": "ContentInfo/blt950-airport-enbg-gronneviksoren/Thumbnail.jpg",
      "size": 85458,
      "date": 133042728773971829
    },
    {
      "path": "MaterialLibs/materials/Library.xml",
      "size": 2212,
      "date": 133042789108264562
    },
    {
      "path": "MaterialLibs/materials/Textures/HELIPAD_ARROW.PNG.DDS",
      "size": 349700,
      "date": 133042789109274574
    },
    {
      "path": "MaterialLibs/materials/Textures/helipad_arrow.png.DDS.FLAGS",
      "size": 39,
      "date": 133042728774231832
    },
    {
      "path": "MaterialLibs/materials/Textures/HELIPAD_ARROW.PNG.DDS.json",
      "size": 249,
      "date": 133042789109269572
    },
    {
      "path": "MaterialLibs/materials/Textures/NO_HELIPAD.PNG.DDS",
      "size": 349700,
      "date": 133042755254221197
    },
    {
      "path": "MaterialLibs/materials/Textures/no_helipad.png.DDS.FLAGS",
      "size": 39,
      "date": 133042728774376854
    },
    {
      "path": "MaterialLibs/materials/Textures/NO_HELIPAD.PNG.DDS.json",
      "size": 247,
      "date": 133042755254211216
    },
    {
      "path": "MaterialLibs/materials/Textures/NO_MEDIPAD.PNG.DDS",
      "size": 349700,
      "date": 133042789110254571
    },
    {
      "path": "MaterialLibs/materials/Textures/no_medipad.png.DDS.FLAGS",
      "size": 39,
      "date": 133042788899579788
    },
    {
      "path": "MaterialLibs/materials/Textures/NO_MEDIPAD.PNG.DDS.json",
      "size": 248,
      "date": 133042789110239562
    },
    {
      "path": "scenery/blt950/ENBG.bgl",
      "size": 7931,
      "date": 133042789110479572
    }
  ]
}