<Library Version="1.1.0">
	<Material Version="1.4.0" Name="helipad_white_circle" Guid="{AA864D5A-0FB3-4A43-8000-4AA0F9CF241D}" SurfaceType="PAINT" Type="CODE_DIFFUSE" Metal="0.000000" Rough="0.000000" Opacity="1.000000" BlendMode="Transparent">
		<TagList/>
		<FlagList/>
		<TextureList>
			<Texture FileName="TEXTURES\WHITE_CIRCLE_HELIPAD.PNG.DDS" Binding="MTL_BITMAP_DECAL0"/>
		</TextureList>
		<Attributes>
			<Diffuse Red="1.000000" Green="1.000000" Blue="1.000000"/>
			<Emissive Red="0.000000" Green="0.000000" Blue="0.000000"/>
			<UVOffset U="0.000000" V="0.000000"/>
			<UVScale U="1.000000" V="1.000000"/>
			<UVRotate>0.000000</UVRotate>
			<ExtraParameters>
				<Parameter Value="0.000000"/>
				<Parameter Value="0.000000"/>
				<Parameter Value="0.000000"/>
				<Parameter Value="0.000000"/>
				<Parameter Value="0.000000"/>
				<Parameter Value="0.000000"/>
				<Parameter Value="0.000000"/>
				<Parameter Value="0.000000"/>
				<Parameter Value="0.000000"/>
				<Parameter Value="0.000000"/>
				<Parameter Value="0.000000"/>
				<Parameter Value="0.000000"/>
			</ExtraParameters>
		</Attributes>
	</Material>
</Library>

