<Library Version="1.1.0">
	<Material Version="1.4.0" Name="no_medipad" Guid="{2334A256-CF5E-42EE-A32C-C9DFFC190571}" SurfaceType="PAINT" Type="CODE_DIFFUSE" Metal="0.000000" Rough="0.000000" Opacity="1.000000" BlendMode="Transparent">
		<TagList/>
		<FlagList/>
		<TextureList>
			<Texture FileName="TEXTURES\NO_MEDIPAD.PNG.DDS" Binding="MTL_BITMAP_DECAL0"/>
		</TextureList>
		<Attributes>
			<Diffuse Red="1.000000" Green="1.000000" Blue="1.000000"/>
			<Emissive Red="0.000000" Green="0.000000" Blue="0.000000"/>
			<UVOffset U="0.000000" V="0.000000"/>
			<UVScale U="1.000000" V="1.000000"/>
			<UVRotate>0.000000</UVRotate>
			<ExtraParameters>
				<Parameter Value="0.000000"/>
				<Parameter Value="0.000000"/>
				<Parameter Value="0.000000"/>
				<Parameter Value="0.000000"/>
				<Parameter Value="0.000000"/>
				<Parameter Value="0.000000"/>
				<Parameter Value="0.000000"/>
				<Parameter Value="0.000000"/>
				<Parameter Value="0.000000"/>
				<Parameter Value="0.000000"/>
				<Parameter Value="0.000000"/>
				<Parameter Value="0.000000"/>
			</ExtraParameters>
		</Attributes>
	</Material>
	<Material Version="1.4.0" Name="helipad_arrow" Guid="{6E2CBE4D-E8D0-465C-A0BB-C611E9EB4064}" SurfaceType="PAINT" Type="CODE_DIFFUSE" Metal="0.000000" Rough="0.000000" Opacity="1.000000" BlendMode="Transparent">
		<TagList/>
		<FlagList/>
		<TextureList>
			<Texture FileName="TEXTURES\HELIPAD_ARROW.PNG.DDS" Binding="MTL_BITMAP_DECAL0"/>
		</TextureList>
		<Attributes>
			<Diffuse Red="1.000000" Green="1.000000" Blue="1.000000"/>
			<Emissive Red="0.000000" Green="0.000000" Blue="0.000000"/>
			<UVOffset U="0.000000" V="0.000000"/>
			<UVScale U="1.000000" V="1.000000"/>
			<UVRotate>0.000000</UVRotate>
			<ExtraParameters>
				<Parameter Value="0.000000"/>
				<Parameter Value="0.000000"/>
				<Parameter Value="0.000000"/>
				<Parameter Value="0.000000"/>
				<Parameter Value="0.000000"/>
				<Parameter Value="0.000000"/>
				<Parameter Value="0.000000"/>
				<Parameter Value="0.000000"/>
				<Parameter Value="0.000000"/>
				<Parameter Value="0.000000"/>
				<Parameter Value="0.000000"/>
				<Parameter Value="0.000000"/>
			</ExtraParameters>
		</Attributes>
	</Material>
</Library>

